reference_set	method	k	true_positives	precision	recall	enrichment
PRC2	COMPASS	100	28	0.28	0.04472843450479233	8.338274760383387
PRC2	COMPASS	250	57	0.228	0.09105431309904154	6.789738019169329
PRC2	COMPASS	500	81	0.162	0.12939297124600638	4.824287539936102
PRC2	COMPASS	1000	178	0.178	0.28434504792332266	5.300760383386581
PRC2	Weighted60_40_noPattern	100	34	0.34	0.054313099041533544	10.125047923322683
PRC2	Weighted60_40_noPattern	250	57	0.228	0.09105431309904154	6.789738019169329
PRC2	Weighted60_40_noPattern	500	74	0.148	0.1182108626198083	4.407373801916933
PRC2	Weighted60_40_noPattern	1000	140	0.14	0.22364217252396165	4.169137380191693
PRC2	EqualMean_missing0	100	33	0.33	0.052715654952076675	9.827252396166134
PRC2	EqualMean_missing0	250	57	0.228	0.09105431309904154	6.789738019169329
PRC2	EqualMean_missing0	500	94	0.188	0.1501597444089457	5.598555910543131
PRC2	EqualMean_missing0	1000	192	0.192	0.30670926517571884	5.71767412140575
PRC2	AvailableMean	100	41	0.41	0.06549520766773163	12.209616613418529
PRC2	AvailableMean	250	99	0.396	0.15814696485623003	11.79270287539936
PRC2	AvailableMean	500	171	0.342	0.2731629392971246	10.184607028753993
PRC2	AvailableMean	1000	290	0.29	0.46325878594249204	8.636070287539935
PRC2	MeanRank_missing0	100	30	0.3	0.04792332268370607	8.933865814696484
PRC2	MeanRank_missing0	250	58	0.232	0.0926517571884984	6.908856230031948
PRC2	MeanRank_missing0	500	112	0.224	0.17891373801916932	6.670619808306709
PRC2	MeanRank_missing0	1000	209	0.209	0.33386581469648563	6.2239265175718845
PRC2	RankProduct_missing0	100	30	0.3	0.04792332268370607	8.933865814696484
PRC2	RankProduct_missing0	250	58	0.232	0.0926517571884984	6.908856230031948
PRC2	RankProduct_missing0	500	112	0.224	0.17891373801916932	6.670619808306709
PRC2	RankProduct_missing0	1000	209	0.209	0.33386581469648563	6.2239265175718845
PRC2	MaxEvidence	100	33	0.33	0.052715654952076675	9.827252396166134
PRC2	MaxEvidence	250	75	0.3	0.11980830670926518	8.933865814696484
PRC2	MaxEvidence	500	145	0.29	0.23162939297124602	8.636070287539935
PRC2	MaxEvidence	1000	247	0.247	0.39456869009584666	7.355549520766773
PRC2	StrictConcordance_proxy	100	28	0.28	0.04472843450479233	8.338274760383387
PRC2	StrictConcordance_proxy	250	48	0.192	0.07667731629392971	5.71767412140575
PRC2	StrictConcordance_proxy	500	76	0.152	0.12140575079872204	4.526492012779552
PRC2	StrictConcordance_proxy	1000	175	0.175	0.2795527156549521	5.2114217252396156
SUZ12	COMPASS	100	43	0.43	0.04308617234468938	8.032124248496993
SUZ12	COMPASS	250	81	0.324	0.0811623246492986	6.052112224448898
SUZ12	COMPASS	500	125	0.25	0.125250501002004	4.669839679358717
SUZ12	COMPASS	1000	262	0.262	0.2625250501002004	4.893991983967936
SUZ12	Weighted60_40_noPattern	100	48	0.48	0.04809619238476954	8.966092184368737
SUZ12	Weighted60_40_noPattern	250	81	0.324	0.0811623246492986	6.052112224448898
SUZ12	Weighted60_40_noPattern	500	114	0.228	0.11422845691382766	4.2588937875751505
SUZ12	Weighted60_40_noPattern	1000	207	0.207	0.20741482965931865	3.8666272545090177
SUZ12	EqualMean_missing0	100	48	0.48	0.04809619238476954	8.966092184368737
SUZ12	EqualMean_missing0	250	81	0.324	0.0811623246492986	6.052112224448898
SUZ12	EqualMean_missing0	500	134	0.268	0.1342685370741483	5.006068136272545
SUZ12	EqualMean_missing0	1000	266	0.266	0.2665330661322645	4.968709418837675
SUZ12	AvailableMean	100	49	0.49	0.04909819639278557	9.152885771543085
SUZ12	AvailableMean	250	122	0.488	0.12224448897795591	9.115527054108215
SUZ12	AvailableMean	500	211	0.422	0.21142284569138275	7.882689378757514
SUZ12	AvailableMean	1000	373	0.373	0.37374749498997994	6.967400801603206
SUZ12	MeanRank_missing0	100	39	0.39	0.03907815631262525	7.284949899799599
SUZ12	MeanRank_missing0	250	83	0.332	0.08316633266533066	6.201547094188377
SUZ12	MeanRank_missing0	500	155	0.31	0.15531062124248496	5.790601202404809
SUZ12	MeanRank_missing0	1000	280	0.28	0.280561122244489	5.230220440881764
SUZ12	RankProduct_missing0	100	39	0.39	0.03907815631262525	7.284949899799599
SUZ12	RankProduct_missing0	250	83	0.332	0.08316633266533066	6.201547094188377
SUZ12	RankProduct_missing0	500	155	0.31	0.15531062124248496	5.790601202404809
SUZ12	RankProduct_missing0	1000	279	0.279	0.27955911823647295	5.211541082164329
SUZ12	MaxEvidence	100	39	0.39	0.03907815631262525	7.284949899799599
SUZ12	MaxEvidence	250	93	0.372	0.09318637274549098	6.9487214428857715
SUZ12	MaxEvidence	500	183	0.366	0.18336673346693386	6.836645290581162
SUZ12	MaxEvidence	1000	327	0.327	0.3276553106212425	6.108150300601203
SUZ12	StrictConcordance_proxy	100	43	0.43	0.04308617234468938	8.032124248496993
SUZ12	StrictConcordance_proxy	250	70	0.28	0.07014028056112225	5.230220440881764
SUZ12	StrictConcordance_proxy	500	122	0.244	0.12224448897795591	4.5577635270541075
SUZ12	StrictConcordance_proxy	1000	254	0.254	0.2545090180360721	4.744557114228456
EED	COMPASS	100	42	0.42	0.04129793510324484	7.698761061946902
EED	COMPASS	250	84	0.336	0.08259587020648967	6.159008849557522
EED	COMPASS	500	120	0.24	0.11799410029498525	4.39929203539823
EED	COMPASS	1000	250	0.25	0.24582104228121926	4.5825958702064895
EED	Weighted60_40_noPattern	100	45	0.45	0.04424778761061947	8.248672566371681
EED	Weighted60_40_noPattern	250	83	0.332	0.08161258603736479	6.085687315634218
EED	Weighted60_40_noPattern	500	110	0.22	0.10816125860373647	4.03268436578171
EED	Weighted60_40_noPattern	1000	195	0.195	0.19174041297935104	3.574424778761062
EED	EqualMean_missing0	100	44	0.44	0.043264503441494594	8.06536873156342
EED	EqualMean_missing0	250	83	0.332	0.08161258603736479	6.085687315634218
EED	EqualMean_missing0	500	132	0.264	0.12979351032448377	4.839221238938054
EED	EqualMean_missing0	1000	264	0.264	0.25958702064896755	4.839221238938054
EED	AvailableMean	100	52	0.52	0.051130776794493606	9.531799410029498
EED	AvailableMean	250	126	0.504	0.12389380530973451	9.238513274336283
EED	AvailableMean	500	217	0.434	0.21337266470009833	7.955386430678466
EED	AvailableMean	1000	374	0.374	0.36774827925270404	6.855563421828908
EED	MeanRank_missing0	100	37	0.37	0.03638151425762045	6.782241887905604
EED	MeanRank_missing0	250	76	0.304	0.07472959685349066	5.572436578171091
EED	MeanRank_missing0	500	146	0.292	0.14355948869223206	5.352471976401179
EED	MeanRank_missing0	1000	277	0.277	0.2723697148475909	5.077516224188791
EED	RankProduct_missing0	100	37	0.37	0.03638151425762045	6.782241887905604
EED	RankProduct_missing0	250	76	0.304	0.07472959685349066	5.572436578171091
EED	RankProduct_missing0	500	146	0.292	0.14355948869223206	5.352471976401179
EED	RankProduct_missing0	1000	277	0.277	0.2723697148475909	5.077516224188791
EED	MaxEvidence	100	40	0.4	0.03933136676499508	7.332153392330383
EED	MaxEvidence	250	94	0.376	0.09242871189773845	6.892224188790561
EED	MaxEvidence	500	187	0.374	0.18387413962635202	6.855563421828908
EED	MaxEvidence	1000	318	0.318	0.31268436578171094	5.829061946902654
EED	StrictConcordance_proxy	100	42	0.42	0.04129793510324484	7.698761061946902
EED	StrictConcordance_proxy	250	71	0.284	0.06981317600786627	5.2058289085545715
EED	StrictConcordance_proxy	500	118	0.236	0.1160275319567355	4.3259705014749255
EED	StrictConcordance_proxy	1000	242	0.242	0.23795476892822026	4.435952802359882
